title,importId,parentImportId,description,status,priority,assignee,dueDate
登录方式,T001,,所属模块: 系统管理,done,medium,郭震,2026-01-23
登录页面优化,T002,,所属模块: 系统管理,done,medium,陈奇,2026-01-19
机构设置,T003,,"所属模块: 系统管理
需要联调调整",done,medium,赵庆欣,2026-02-12
机构前端组件封装,T004,,所属模块: 系统管理,done,medium,陈奇,2026-01-21
用户管理,T005,,"所属模块: 系统管理
3月19号拿到人力用户信息同步接口
3月11号拿到接口字段码值说明",in_progress,medium,赵庆欣,2026-02-12
参数设置,T006,,所属模块: 系统管理,done,medium,黄志文,2026-01-04
工作平台,T007,,所属模块: 系统管理,done,medium,赵庆欣,2026-01-15
工作平台前端,T008,,所属模块: 系统管理,in_progress,medium,陈奇,2026-01-15
任务中心公共服务开发,T009,,所属模块: 系统管理,done,medium,赵庆欣,2026-01-15
消息中心开发,T010,,所属模块: 系统管理,done,medium,赵庆欣,2026-01-17
机构开立/变更,T011,,所属模块: 机构管理,done,medium,陈义康,2026-01-29
机构撤并管理,T012,,所属模块: 机构管理,done,medium,陈义康,2026-01-29
柜员信息维护申请表,T013,,"所属模块: 人员管理
审批信息打印下载
公共实现",done,medium,杜宝祥,2026-01-26
假期维护,T014,,所属模块: 人员管理,done,medium,吴卓隆,2025-12-29
假期提前销假,T015,,所属模块: 人员管理,done,medium,吴卓隆,2025-12-29
轮岗参数配置,T016,,所属模块: 人员管理,done,medium,吴卓隆,2026-01-05
轮岗数据查询,T017,,所属模块: 人员管理,done,medium,吴卓隆,2026-01-05
专业人才库入库人员名单,T018,,所属模块: 人员管理,done,medium,吴卓隆,2026-01-05
流程审批,T019,,"所属模块: 移动办公
细化具体要放在移动端审批的功能",in_progress,medium,陈奇,2026-03-26
信息提醒与查看,T020,,所属模块: 移动办公,backlog,medium,陈奇,2026-03-26
假期维护申请,T021,,所属模块: 移动办公,backlog,medium,陈奇,2026-03-26
提前销假申请,T022,,所属模块: 移动办公,backlog,medium,陈奇,2026-03-26
画像查看,T023,,所属模块: 移动办公,backlog,medium,陈奇,2026-05-15
查库执行,T024,,所属模块: 移动办公,backlog,medium,陈奇,2026-04-08
查库台账,T025,,所属模块: 移动办公,backlog,medium,陈奇,2026-04-08
检查执行,T026,,所属模块: 移动办公,backlog,medium,陈奇,2026-04-08
业务印章管理台账（重要物品）,T027,,所属模块: 移动办公,backlog,medium,陈奇,2026-03-26
电子登记簿（非指纹类）,T028,,所属模块: 移动办公,in_progress,medium,陈奇,2026-02-11
案例库查看,T029,,所属模块: 移动办公,backlog,medium,陈奇,2026-04-08
增加防伪水印,T030,,所属模块: 移动办公,done,medium,陈奇,2026-02-05
现金库存预警阈值测算,T031,,"所属模块: 现金库存预警阈值测算
湖仓数据表同步（已归为公共部门）",done,medium,陈义康,2026-01-20
重空或业务用纸版面设计,T032,,"所属模块: 凭证管理
工作流-退回",done,medium,陈义康,2026-01-17
凭证定制申请,T033,,"所属模块: 凭证管理
工作流-退回",done,medium,陈义康,2026-01-17
凭证定制信息维护,T034,,所属模块: 凭证管理,done,medium,陈义康,2026-01-17
凭证申领登记簿,T035,,所属模块: 凭证管理,done,medium,陈义康,2026-01-17
凭证移交,T036,,所属模块: 凭证管理,done,medium,陈义康,2026-01-17
凭证作废登记簿,T037,,所属模块: 凭证管理,done,medium,陈义康,2026-01-17
凭证销毁申请,T038,,所属模块: 凭证管理,done,medium,陈义康,2026-01-17
凭证销毁登记簿,T039,,"所属模块: 凭证管理
需求取消",done,medium,陈义康,2026-01-17
凭证特殊使用申请,T040,,"所属模块: 凭证管理
工作流-退回",done,medium,陈义康,2026-01-17
业务印章设计,T041,,所属模块: 业务印章管理,done,medium,黄志文,2026-01-19
业务印章申请,T042,,所属模块: 业务印章管理,done,medium,黄志文,2026-01-19
业务印章入库登记,T043,,"所属模块: 业务印章管理
文件上传下载预览，后台改存储方式",done,medium,张辉,2026-01-19
业务印章停/启用,T044,,"所属模块: 业务印章管理
改为复核",done,medium,张辉,2026-01-19
业务印章移交,T045,,"所属模块: 业务印章管理
文件上传下载预览，后台改存储方式",done,medium,张辉,2026-01-19
业务印章销毁,T046,,所属模块: 业务印章管理,done,medium,黄志文,2026-01-19
业务印章管理台账,T047,,"所属模块: 业务印章管理
文件上传下载预览，后台改存储方式",done,medium,张辉,2026-01-19
重要物品种类维护,T048,,所属模块: 重要物品管理,done,medium,陈义康,2025-12-31
重要物品登记,T049,,"所属模块: 重要物品管理
数据权限 只能查询本机构和下级机构的数据",done,medium,陈义康,2025-12-31
重要物品领取,T050,,所属模块: 重要物品管理,done,medium,陈义康,2025-12-31
重要物品交接,T051,,所属模块: 重要物品管理,done,medium,陈义康,2025-12-31
重要物品销毁,T052,,"所属模块: 重要物品管理
无工作流",done,medium,陈义康,2026-01-07
重要（备用）物品启用/停用,T053,,所属模块: 重要物品管理,done,medium,陈义康,2026-01-07
查库参数配置,T054,,所属模块: 查库管理,done,medium,高歌,2025-12-24
查库执行计划,T055,,所属模块: 查库管理,done,medium,高歌,2026-01-20
查库执行管理,T056,,所属模块: 查库管理,done,medium,高歌,2026-01-20
查库执行管理-文件类接口解析,T057,,"所属模块: 查库管理
文件数据返回接口已完成开发：二代货发假币收缴登记簿查询接口SCMS85341500**    ==带回来的文件应该解析出具体数据==",done,medium,吴卓隆,2026-02-12
查库执行台账,T058,,"所属模块: 查库管理
缺远程查库查看影像对接影像平台",in_progress,medium,高歌,2026-01-20
业务印章查库计划,T059,,所属模块: 查库管理,done,medium,高歌,2026-01-20
业务印章查库执行,T060,,所属模块: 查库管理,done,medium,高歌,2026-01-20
电子印章查库计划,T061,,所属模块: 查库管理,done,medium,高歌,2026-01-20
电子印章查库执行,T062,,所属模块: 查库管理,done,medium,高歌,2026-01-20
转代执行查库,T063,,所属模块: 查库管理,done,medium,高歌,2026-01-20
查库批量任务及远程任务推送+消息通知,T064,,所属模块: 查库管理,done,medium,高歌,2026-02-12
检查内容分类维护,T065,,所属模块: 检查管理,done,medium,李金阳,2026-01-07
检查问题分类维护,T066,,所属模块: 检查管理,done,medium,李金阳,2026-01-09
检查计划,T067,,所属模块: 检查管理,done,medium,李金阳,2026-01-31
检查执行,T068,,所属模块: 检查管理,done,medium,李金阳,2026-01-31
事实认定,T069,,所属模块: 检查管理,done,medium,李金阳,2026-01-31
结果确认,T070,,所属模块: 检查管理,done,medium,李金阳,2026-01-31
检查报告,T071,,所属模块: 检查管理,done,medium,李金阳,2026-01-31
问题跟踪整改,T072,,所属模块: 检查管理,done,medium,李金阳,2026-01-31
问题整改确认,T073,,所属模块: 检查管理,done,medium,李金阳,2026-01-31
检查人员管理,T074,,所属模块: 检查管理,done,medium,李金阳,2026-01-31
检查管理台账,T075,,所属模块: 检查管理,done,medium,李金阳,2026-01-31
现金处理机具维护升级登记簿,T076,,所属模块: 电子登记簿,done,medium,吴卓隆,2026-01-31
非管库人员入库登记簿,T077,,所属模块: 电子登记簿,done,medium,吴卓隆,2026-01-31
登记运营主管工作日志交易,T078,,"所属模块: 电子登记簿
待柜面确认同步考勤数据方式",done,medium,吴卓隆,2026-01-31
登记运营主管工作日志报表,T079,,所属模块: 电子登记簿,done,medium,吴卓隆,2026-01-31
会计岗位交接登记簿,T080,,所属模块: 电子登记簿,done,medium,吴卓隆,2026-01-31
自助设备机构长款申请调账单,T081,,"所属模块: 审批流程管理
待柜面联调",done,medium,黄志文,2026-02-12
客户单户优惠汇率维护,T082,,"所属模块: 审批流程管理
差核心接口",in_progress,medium,黄志文,2026-02-12
资金调拨单流程,T083,,所属模块: 审批流程管理,in_progress,medium,黄志文,2026-02-12
知识库管理,T084,,所属模块: 知识库,backlog,medium,黄志文,2026-05-31
智能检索,T085,,所属模块: 知识库,backlog,medium,黄志文,2026-05-31
报告模板管理,T086,,所属模块: 报告功能,backlog,medium,,
报告生成,T087,,所属模块: 报告功能,backlog,medium,,
数据查看,T088,,所属模块: 报告功能,backlog,medium,,
数据补录管理-任务列表,T089,,所属模块: 报告功能,backlog,medium,,
数据补录管理-新增补录任务,T090,,所属模块: 报告功能,backlog,medium,,
数据补录管理-待补录数据表列表,T091,,所属模块: 报告功能,backlog,medium,,
数据补录管理-补录数据明细,T092,,所属模块: 报告功能,backlog,medium,,
补录情况查看,T093,,所属模块: 报告功能,backlog,medium,,
新增案例,T094,,"所属模块: 案例库管理
对接存储平台公共方法实现",done,medium,杜宝祥,2026-01-14
案例下线,T095,,所属模块: 案例库管理,done,medium,杜宝祥,2026-01-14
案例查询,T096,,所属模块: 案例库管理,done,medium,杜宝祥,2026-01-14
新增模板,T097,,所属模块: 自定义数据填写,done,medium,赵庆欣,2026-02-12
模板编辑,T098,,所属模块: 自定义数据填写,done,medium,赵庆欣,2026-02-12
模板查询,T099,,所属模块: 自定义数据填写,done,medium,赵庆欣,2026-02-12
模板复核,T100,,所属模块: 自定义数据填写,done,medium,赵庆欣,2026-02-12
任务发布,T101,,所属模块: 自定义数据填写,done,medium,赵庆欣,2026-02-12
模板收回,T102,,所属模块: 自定义数据填写,done,medium,赵庆欣,2026-02-12
任务管理,T103,,所属模块: 自定义数据填写,done,medium,赵庆欣,2026-02-12
填写情况查看,T104,,所属模块: 自定义数据填写,done,medium,赵庆欣,2026-02-12
交易评分,T105,,所属模块: 其他,done,medium,陈义康,2026-01-21
扫描凭证登记,T106,,"所属模块: 档案管理-网点登记
细节及公共部分待优化",in_progress,medium,张辉,2026-02-02
非扫描凭证登记,T107,,"所属模块: 档案管理-网点登记
细节及公共部分待优化",in_progress,medium,张辉,2026-02-04
凭证签收,T108,,所属模块: 档案管理-签收整理,done,medium,张辉,2026-02-28
封包,T109,,所属模块: 档案管理-签收整理,done,medium,张辉,2026-03-04
封箱,T110,,所属模块: 档案管理-签收整理,done,medium,张辉,2026-03-07
册入库提交,T111,,所属模块: 档案管理-签收整理,in_progress,medium,张辉,2026-03-14
包入库提交,T112,,所属模块: 档案管理-签收整理,in_progress,medium,张辉,2026-03-17
箱入库提交,T113,,所属模块: 档案管理-签收整理,in_progress,medium,张辉,2026-03-19
包入库签收,T114,,所属模块: 档案管理-科学保管,done,medium,陈义康,2026-03-07
箱入库签收,T115,,所属模块: 档案管理-科学保管,done,medium,陈义康,2026-03-07
册入库签收,T116,,"所属模块: 档案管理-科学保管
条形码（跟随打印功能一起）",done,medium,陈义康,2026-03-07
按包入库上架与下架,T117,,所属模块: 档案管理-科学保管,done,medium,陈义康,2026-03-13
按箱入库上架与下架,T118,,所属模块: 档案管理-科学保管,done,medium,陈义康,2026-03-13
按册入库上架与下架,T119,,所属模块: 档案管理-科学保管,done,medium,陈义康,2026-03-13
会计档案保管登记簿（包）,T120,,所属模块: 档案管理-科学保管,backlog,medium,张辉,2026-04-03
会计档案保管登记簿（册）,T121,,所属模块: 档案管理-科学保管,backlog,medium,张辉,2026-04-08
包移库/移交,T122,,所属模块: 档案管理-科学保管,in_progress,medium,陈义康,2026-03-18
箱移库/移交,T123,,所属模块: 档案管理-科学保管,in_progress,medium,陈义康,2026-03-18
册移库/移交,T124,,所属模块: 档案管理-科学保管,in_progress,medium,陈义康,2026-03-18
盘库管理,T125,,所属模块: 档案管理-科学保管,backlog,medium,张辉,2026-03-24
盘库异常登记簿,T126,,所属模块: 档案管理-科学保管,backlog,medium,张辉,2026-03-26
库房拆包,T127,,所属模块: 档案管理-科学保管,backlog,medium,张辉,2026-03-28
库房拆箱,T128,,所属模块: 档案管理-科学保管,backlog,medium,张辉,2026-03-30
档案鉴定,T129,,"所属模块: 档案管理-科学保管
时间包含工作流，但是现在无法做，自行预留时间",in_progress,medium,李金阳,2026-03-17
鉴定结果查询,T130,,所属模块: 档案管理-科学保管,in_progress,medium,李金阳,2026-03-14
电子档案鉴定,T131,,所属模块: 档案管理-科学保管,in_progress,medium,李金阳,2026-03-14
借阅申请,T132,,所属模块: 档案管理-档案借阅,backlog,medium,陈义康,2026-03-27
借阅审批,T133,,所属模块: 档案管理-档案借阅,backlog,medium,陈义康,2026-03-27
借阅确认,T134,,所属模块: 档案管理-档案借阅,backlog,medium,陈义康,2026-04-01
借阅登记簿,T135,,所属模块: 档案管理-档案借阅,backlog,medium,陈义康,2026-04-01
电子档案调阅查询,T136,,所属模块: 档案管理-档案借阅,backlog,medium,陈义康,2026-04-03
销毁申请,T137,,"所属模块: 档案管理-档案销毁
时间包含工作流，但是现在无法做，自行预留时间",backlog,medium,高歌,2026-03-25
销毁确认,T138,,所属模块: 档案管理-档案销毁,backlog,medium,高歌,2026-03-25
档案影像查询,T139,,"所属模块: 档案管理-档案查询
暂停",backlog,medium,高歌,2026-03-21
影像操作登记簿,T140,,"所属模块: 档案管理-档案查询
暂停",backlog,medium,高歌,2026-03-23
扫描凭证查询,T141,,所属模块: 档案管理-档案查询,done,medium,陈义康,2026-02-24
非扫描凭证查询,T142,,所属模块: 档案管理-档案查询,done,medium,陈义康,2026-02-26
包查询,T143,,所属模块: 档案管理-档案查询,done,medium,陈义康,2026-03-02
箱查询,T144,,所属模块: 档案管理-档案查询,done,medium,陈义康,2026-03-02
库房容量查询,T145,,"所属模块: 档案管理-档案查询
持续补充功能",in_progress,medium,张辉,2026-03-31
库房机构查询,T146,,所属模块: 档案管理-档案查询,in_progress,medium,高歌,2026-03-14
库房日志查询,T147,,"所属模块: 档案管理-档案查询
持续补充操作日志保存功能",in_progress,medium,张辉,2026-03-31
打印信息查询-及各个模块的打印功能,T148,,"所属模块: 档案管理-档案查询
暂停",backlog,medium,张辉,2026-04-16
档案汇总查询,T149,,所属模块: 档案管理-档案查询,backlog,medium,高歌,2026-03-28
库房定义,T150,,所属模块: 档案管理-常量定义,done,medium,张辉,2026-02-07
档案代码定义,T151,,"所属模块: 档案管理-常量定义
缺少授权组件",in_progress,medium,张辉,2026-02-10
常量维护记录查询,T152,,"所属模块: 档案管理-常量定义
缺少授权组件的授权人字段保存到记录",in_progress,medium,张辉,2026-02-12
机构监测画像,T153,,所属模块: 视图画像,backlog,medium,李金阳,2026-04-03
机构画像,T154,,所属模块: 视图画像,backlog,medium,李金阳,2026-04-03
人员汇总画像,T155,,所属模块: 视图画像,backlog,medium,李金阳,2026-04-03
单个员工画像,T156,,所属模块: 视图画像,backlog,medium,李金阳,2026-04-03
员工风险画像,T157,,所属模块: 视图画像,backlog,medium,李金阳,2026-04-03
运营风险监测画像,T158,,所属模块: 视图画像,backlog,medium,李金阳,2026-04-25
支付交易画像,T159,,所属模块: 视图画像,backlog,medium,李金阳,2026-04-25
账户管理画像,T160,,所属模块: 视图画像,backlog,medium,李金阳,2026-04-25
现金业务画像,T161,,所属模块: 视图画像,backlog,medium,李金阳,2026-04-25
业务全景画像,T162,,所属模块: 视图画像,backlog,medium,李金阳,2026-04-25
集中监督监控大屏,T163,,所属模块: 视图画像,backlog,medium,李金阳,2026-05-15
远程银行监控大屏,T164,,所属模块: 视图画像,backlog,medium,李金阳,2026-05-15
资金清算监控大屏,T165,,所属模块: 视图画像,backlog,medium,李金阳,2026-05-15
集中作业监控大屏,T166,,所属模块: 视图画像,backlog,medium,李金阳,2026-05-15
集中授权监控大屏,T167,,所属模块: 视图画像,backlog,medium,李金阳,2026-05-15
云图画像,T168,,所属模块: 视图画像,backlog,medium,李金阳,2026-05-15
自定义监督模型,T169,,所属模块: 监督预警-模型实验室-模型管理,in_progress,medium,黄志文,2026-02-03
自定义预警模型,T170,,"所属模块: 监督预警-模型实验室-模型管理
需求实现方案待定，暂停中，需推进关联方确认取数方案",done,medium,杜宝祥,2026-02-12
积分卡模型,T171,,"所属模块: 监督预警-模型实验室-模型管理
需求实现方案待定，暂停中，需推进关联方确认取数方案后和湖仓对接指标加工方案",done,medium,杜宝祥,2026-02-12
预警模型查询,T172,,"所属模块: 监督预警-模型实验室-模型管理
合并",done,medium,杜宝祥,2026-02-12
AI智能分析,T173,,"所属模块: 监督预警-模型实验室-模型管理
嵌入页面需要登录，对接方答复没法配合对接，需要自己研究，暂缓（建议系统内挂链接弹出登录页）",done,medium,杜宝祥,2026-01-16
规则命中可视化,T174,,"所属模块: 监督预警-模型实验室-模型管理
需求实现方案待定，暂停中",done,medium,杜宝祥,2026-01-20
监督模型试验,T175,,"所属模块: 监督预警-模型实验室-模型试验
页面展示需要调整 
等接口实际联通还需要再详细调整
验印控件没给也没集成",in_progress,medium,黄志文,2026-02-12
预警模型试验,T176,,所属模块: 监督预警-模型实验室-模型试验,backlog,medium,黄志文,2026-03-12
派单开关,T177,,"所属模块: 监督预警-配置管理
参数管理实现 后面配置",done,medium,高歌,2026-01-21
派单人员管理,T178,,"所属模块: 监督预警-配置管理
数据权限配置项依赖于业务提供（综合质检：集中作业、集中授权、远程银行、未监督交易），待提供后可补充",in_progress,medium,黄志文,2026-01-23
派单顺序管理,T179,,"所属模块: 监督预警-配置管理
合并在派单任务管理的后台代码中实现",backlog,medium,黄志文,2026-04-15
派单任务管理,T180,,"所属模块: 监督预警-配置管理
涉及到规则变更后的任务重分配",in_progress,medium,高歌,2026-01-31
可疑名单管理,T181,,"所属模块: 监督预警-配置管理
明全做部分，后续高歌完善",done,medium,高歌,2026-01-21
派单任务分配,T182,,所属模块: 监督预警-配置管理,in_progress,medium,黄志文,2026-04-23
白名单管理,T183,,所属模块: 监督预警-配置管理,done,medium,高歌,2026-01-23
质检规则配置,T184,,"所属模块: 监督预警-配置管理
1、部分字典是从业务表进行获取，但对应业务表暂时还没有",in_progress,medium,李金阳,2026-01-28
质检难度系数配置,T185,,"所属模块: 监督预警-配置管理
缺少交易码码值",in_progress,medium,高歌,2026-02-04
监督任务处理,T186,,"所属模块: 监督预警-任务处理
文哥在处理",backlog,medium,黄志文,2026-03-08
预警任务处理（总行模式）,T187,,所属模块: 监督预警-任务处理,backlog,medium,黄志文,2026-03-31
预警任务处理（分行模式）,T188,,"所属模块: 监督预警-任务处理
暂不做",backlog,medium,黄志文,2026-04-27
质检任务处理,T189,,"所属模块: 监督预警-任务处理
暂停",in_progress,medium,李金阳,2026-03-31
差错定义,T190,,所属模块: 监督预警-差错管理,done,medium,杜宝祥,2026-01-09
处理单创建,T191,,"所属模块: 监督预警-差错管理
文哥在处理",backlog,medium,黄志文,2026-03-31
处理单待办,T192,,"所属模块: 监督预警-差错管理
文哥在处理",backlog,medium,黄志文,2026-03-31
处理单待办-下发网点差错处理,T193,,"所属模块: 监督预警-差错管理
优先处理 数据结构差流水部分没定下来 暂时没法给柜面提供",backlog,medium,黄志文,2026-04-20
处理单查询,T194,,"所属模块: 监督预警-差错管理
文哥在处理",backlog,medium,黄志文,2026-03-31
监督信息查询,T195,,"所属模块: 监督预警-模型实验室-综合查询
先做主界面列表查询和导出",in_progress,medium,高歌,2026-02-12
预警信息查询,T196,,"所属模块: 监督预警-模型实验室-综合查询
缺少查看影像公共写法，其余完成，预警任务完成后调用公共页面",in_progress,medium,高歌,2026-02-28
柜员风险积分查询,T197,,所属模块: 监督预警-模型实验室-综合查询,backlog,medium,杜宝祥,2026-05-15
质检信息查询,T198,,"所属模块: 监督预警-模型实验室-综合查询
明细页面李金阳做完调用",in_progress,medium,高歌,2026-03-04
重点监督模型比例查询,T199,,所属模块: 监督预警-模型实验室-综合查询,done,medium,张辉,2026-01-08
维护记录查询,T200,,所属模块: 监督预警-模型实验室-综合查询,done,medium,张辉,2026-01-09
柜员风险积分批量任务,T201,,所属模块: 监督预警-模型实验室-综合查询,backlog,medium,杜宝祥,2026-05-15
授权登记簿,T202,,所属模块: 监督预警-模型实验室-综合查询,done,medium,杜宝祥,2026-01-09
模型数据查询,T203,,所属模块: 监督预警-模型实验室-综合查询,done,medium,高歌,2026-03-08
业务量统计表,T204,,"所属模块: 监督预警-模型实验室-统计报表
外部接口无法进行后面",in_progress,medium,高歌,2026-03-16
逾期处理单统计表,T205,,"所属模块: 监督预警-模型实验室-统计报表
外部接口无法进行后面",in_progress,medium,高歌,2026-03-16
操作员工作量统计表,T206,,"所属模块: 监督预警-模型实验室-统计报表
外部接口无法进行后面",in_progress,medium,高歌,2026-03-16
操作员工作量统计表,T207,,所属模块: 监督预警-模型实验室-历史数据查询,in_progress,medium,吴卓隆,2026-03-31
业务量与凭证量统计表,T208,,所属模块: 监督预警-模型实验室-历史数据查询,in_progress,medium,吴卓隆,2026-03-31
柜员差错明细表,T209,,所属模块: 监督预警-模型实验室-历史数据查询,in_progress,medium,吴卓隆,2026-03-31
网点柜员业务量统计表,T210,,所属模块: 监督预警-模型实验室-历史数据查询,in_progress,medium,吴卓隆,2026-03-31
模型数据统计表,T211,,所属模块: 监督预警-模型实验室-历史数据查询,in_progress,medium,吴卓隆,2026-03-31
处理单查询,T212,,所属模块: 监督预警-模型实验室-历史数据查询,in_progress,medium,吴卓隆,2026-03-31
模型日志,T213,,所属模块: 监督预警-模型实验室-历史数据查询,in_progress,medium,吴卓隆,2026-03-31
日志(用户角色更改记录)查询,T214,,所属模块: 监督预警-模型实验室-历史数据查询,in_progress,medium,吴卓隆,2026-03-31
再监督日志查询,T215,,所属模块: 监督预警-模型实验室-历史数据查询,in_progress,medium,吴卓隆,2026-03-31
授权信息查询,T216,,所属模块: 监督预警-模型实验室-历史数据查询,in_progress,medium,吴卓隆,2026-03-31
省中心预警日志查询,T217,,所属模块: 监督预警-模型实验室-历史数据查询,in_progress,medium,吴卓隆,2026-03-31
流水信息查询,T218,,所属模块: 监督预警-模型实验室-历史数据查询,in_progress,medium,吴卓隆,2026-03-31
影像查询,T219,,所属模块: 监督预警-模型实验室-历史数据查询,in_progress,medium,吴卓隆,2026-03-31
历史监督信息查询,T220,,所属模块: 监督预警-模型实验室-历史数据查询,in_progress,medium,吴卓隆,2026-03-31
智能监督数据查询,T221,,所属模块: 监督预警-模型实验室-历史数据查询,in_progress,medium,吴卓隆,2026-03-31
重点监督再监督查询,T222,,所属模块: 监督预警-模型实验室-历史数据查询,in_progress,medium,吴卓隆,2026-03-31
历史预警信息查询,T223,,所属模块: 监督预警-模型实验室-历史数据查询,in_progress,medium,吴卓隆,2026-03-31
准实时历史预警信息查询,T224,,所属模块: 监督预警-模型实验室-历史数据查询,in_progress,medium,吴卓隆,2026-03-31
历史作业授权质检查询,T225,,所属模块: 监督预警-模型实验室-历史数据查询,in_progress,medium,吴卓隆,2026-03-31
柜员交接日志,T226,,所属模块: 监督预警-模型实验室-历史数据查询,in_progress,medium,吴卓隆,2026-03-31
主管工作日志,T227,,所属模块: 监督预警-模型实验室-历史数据查询,in_progress,medium,吴卓隆,2026-03-31
柜员假期维护,T228,,所属模块: 监督预警-模型实验室-历史数据查询,in_progress,medium,吴卓隆,2026-03-31
监督T+0数据入库后整合至监督主流水表批量任务,T229,,所属模块: 监督预警-批量任务,in_progress,medium,黄志文,2026-03-06
"监督T+1数据入库批量任务
-存款证明处理信息 RB_DEPOSIT_CERT_REC",T230,,所属模块: 监督预警-批量任务,done,medium,杜宝祥,2026-03-06
"监督T+1数据入库批量任务
-代理人信息登记簿 RB_COMMISSION_REGISTER",T231,,所属模块: 监督预警-批量任务,done,medium,杜宝祥,2026-03-06
"监督T+1数据入库批量任务
-凭证更换信息表 RB_VOUCHER_CHANGE_INFO",T232,,所属模块: 监督预警-批量任务,done,medium,杜宝祥,2026-03-06
"监督T+1数据入库批量任务
-账户密码修改历史表 RB_PASSWORD_HIST",T233,,所属模块: 监督预警-批量任务,done,medium,杜宝祥,2026-03-06
"监督T+1数据入库批量任务
-账户挂失明细 RB_VOUCHER_LOST_DETAIL",T234,,"所属模块: 监督预警-批量任务
转实时",done,medium,杜宝祥,2026-03-06
"监督T+1数据入库批量任务
-批量转账明细登记簿 RB_BATCH_TRANSFER_DETAIL",T235,,所属模块: 监督预警-批量任务,done,medium,杜宝祥,2026-03-06
"监督T+1数据入库批量任务
-账户遗产继承表 RB_INHERIT",T236,,所属模块: 监督预警-批量任务,done,medium,杜宝祥,2026-03-06
"监督T+1数据入库批量任务
-客户账户信息表 RB_CLIENT_ACCT",T237,,所属模块: 监督预警-批量任务,done,medium,杜宝祥,2026-03-06
"监督T+1数据入库批量任务
-合约基本信息表 AGR_BASE_AGREEMENT",T238,,所属模块: 监督预警-批量任务,done,medium,杜宝祥,2026-03-06
"监督T+1数据入库批量任务
-客户联系人表 CIF_CONTACT_LIST",T239,,所属模块: 监督预警-批量任务,done,medium,杜宝祥,2026-03-06
"监督T+1数据入库批量任务
-联网核查结果表 tbl_tranlog2",T240,,"所属模块: 监督预警-批量任务
转实时",done,medium,杜宝祥,2026-03-06
监督T+1数据入库后整合至监督主流水表批量任务,T241,,所属模块: 监督预警-批量任务,backlog,medium,黄志文,2026-03-06
"预警T+1数据入库批量任务
-挂销账挂账登记簿 IA_HANG_ACCOUNT_REG",T242,,所属模块: 监督预警-批量任务,done,medium,杜宝祥,2026-02-12
"预警T+1数据入库批量任务
-凭证转移表 TB_VOUCHER_MOVE",T243,,所属模块: 监督预警-批量任务,done,medium,杜宝祥,2026-02-12
"预警T+1数据入库批量任务
-客户关系表 CIF_CROSS_RELATIONS",T244,,所属模块: 监督预警-批量任务,done,medium,杜宝祥,2026-02-12
"预警T+1数据入库批量任务
-现金长短款挂账登记明细表 TB_CASH_SIGN_DETAIL",T245,,所属模块: 监督预警-批量任务,done,medium,杜宝祥,2026-02-12
"预警T+1数据入库批量任务
-帐户密码表 RB_PASSWORD",T246,,所属模块: 监督预警-批量任务,done,medium,杜宝祥,2026-02-12
"预警T+1数据入库批量任务
-客户证件信息 CIF_CLIENT_DOCUMENT",T247,,所属模块: 监督预警-批量任务,done,medium,杜宝祥,2026-02-12
"预警T+1数据入库批量任务
-帐户限制表 RB_RESTRAINTS",T248,,所属模块: 监督预警-批量任务,done,medium,杜宝祥,2026-02-12
"预警T+1数据入库批量任务
-限制类型表 RB_RESTRAINT_TYPE",T249,,所属模块: 监督预警-批量任务,done,medium,杜宝祥,2026-02-12
"预警T+1数据入库批量任务
-法人客户附加信息表 CIF_CLIENT_CORP",T250,,所属模块: 监督预警-批量任务,done,medium,杜宝祥,2026-02-12
"预警T+1数据入库批量任务
-尾箱基本信息表 TB_TAILBOX",T251,,所属模块: 监督预警-批量任务,done,medium,杜宝祥,2026-02-12
"预警T+1数据入库批量任务
-个人客户信息表 CIF_CLIENT_INDVL",T252,,所属模块: 监督预警-批量任务,done,medium,杜宝祥,2026-02-12
其他T+1外系统表入库（30张）,T253,,"所属模块: 监督预警-批量任务
编码完成，需要拿到上游系统文件进行测试，文件名称，文件字段顺序，字段个数等进行微调",done,medium,杜宝祥,2026-03-06
质检T+0数据入库批量任务,T254,,所属模块: 监督预警-批量任务,backlog,medium,吴卓隆,2026-03-26
监督试验准实时模型批量任务,T255,,所属模块: 监督预警-批量任务,backlog,medium,黄志文,2026-02-12
监督试验T+1模型批量任务,T256,,所属模块: 监督预警-批量任务,backlog,medium,黄志文,2026-02-12
监督正式准实时模型批量任务,T257,,所属模块: 监督预警-批量任务,backlog,medium,黄志文,2026-02-12
监督正式T+1模型批量任务,T258,,所属模块: 监督预警-批量任务,backlog,medium,黄志文,2026-02-12
预警试验模型批量任务,T259,,"所属模块: 监督预警-批量任务
待细化76个模型的开发任务，补充人员",backlog,medium,杜宝祥,2026-04-16
质检规则提取批量任务,T260,,所属模块: 监督预警-批量任务,done,medium,李金阳,2026-02-12
已确定16个接口挡板,T261,,所属模块: 外联服务,done,medium,吴卓隆,2026-01-09
ESB对接,T262,,所属模块: 外联服务,done,medium,吴卓隆,2026-01-15
新增接口挡板（4个）,T263,,所属模块: 外联服务,done,medium,吴卓隆,2026-01-16
ESB集成公共部分封装,T264,,所属模块: 外联服务,done,medium,吴卓隆,2026-01-17
数字人后台接口开发,T265,,所属模块: 外联服务,backlog,medium,吴卓隆,2026-02-06
新增接口挡板（2个）,T266,,所属模块: 外联服务,done,medium,吴卓隆,2026-01-20
外联系统接口开发、联通性测试（35个接口）,T267,,所属模块: 外联服务,done,medium,吴卓隆,2026-03-12
OCR识别公共API开发,T268,,所属模块: 外联服务,in_progress,medium,郭震,2026-04-15
内部账开户,T269,,所属模块: 柜面审批流程开发,done,medium,黄志文,2026-01-20
内部账销户,T270,,所属模块: 柜面审批流程开发,done,medium,黄志文,2026-01-20
内部户特殊记账,T271,,所属模块: 柜面审批流程开发,done,medium,黄志文,2026-01-20
内部账借贷,T272,,所属模块: 柜面审批流程开发,done,medium,黄志文,2026-01-20
待销账挂账,T273,,所属模块: 柜面审批流程开发,done,medium,黄志文,2026-01-20
待销账销账,T274,,所属模块: 柜面审批流程开发,done,medium,黄志文,2026-01-20
内部账业务冲正,T275,,所属模块: 柜面审批流程开发,done,medium,黄志文,2026-01-20
内部账现金交易,T276,,所属模块: 柜面审批流程开发,done,medium,黄志文,2026-01-20
内部账户维护,T277,,所属模块: 柜面审批流程开发,done,medium,黄志文,2026-01-20
内部账销户回退,T278,,所属模块: 柜面审批流程开发,done,medium,黄志文,2026-01-20
内部账场景管理,T279,,所属模块: 柜面审批流程开发,done,medium,黄志文,2026-01-20
内部账场景记账,T280,,所属模块: 柜面审批流程开发,done,medium,黄志文,2026-01-20
内部账同借同贷,T281,,所属模块: 柜面审批流程开发,done,medium,黄志文,2026-01-20
内部账跨行汇兑(本地),T282,,所属模块: 柜面审批流程开发,done,medium,黄志文,2026-01-20
内部账跨行汇兑(集中作业),T283,,所属模块: 柜面审批流程开发,done,medium,黄志文,2026-01-20
内部账行内转账(本地),T284,,所属模块: 柜面审批流程开发,done,medium,黄志文,2026-01-20
内部账行内转账(集中作业),T285,,所属模块: 柜面审批流程开发,done,medium,黄志文,2026-01-20
对公通存(内部账付款),T286,,所属模块: 柜面审批流程开发,done,medium,黄志文,2026-01-20
任务调度引擎大字段改造,T287,,所属模块: 任务调度,done,medium,赵庆欣,2026-01-09
设计器-触发器,T288,,所属模块: 流程引擎,done,medium,黄志文,2026-01-31
设计器-包容分支,T289,,所属模块: 流程引擎,done,medium,黄志文,2026-01-20
设计器-路由分支,T290,,所属模块: 流程引擎,done,medium,黄志文,2026-01-20
设计器-并行分支,T291,,所属模块: 流程引擎,done,medium,黄志文,2026-01-20
设计器-自动拒绝,T292,,所属模块: 流程引擎,done,medium,黄志文,2026-01-20
设计器-自动通过,T293,,所属模块: 流程引擎,done,medium,黄志文,2026-01-20
通用审批壳- PC,T294,,所属模块: 流程引擎,done,medium,黄志文,2026-01-20
通用审批壳-移动端,T295,,所属模块: 流程引擎,in_progress,medium,黄志文,2026-01-31
API-转办,T296,,所属模块: 流程引擎,done,medium,黄志文,2026-01-20
API-委派,T297,,所属模块: 流程引擎,done,medium,黄志文,2026-01-20
API-代理,T298,,所属模块: 流程引擎,done,medium,黄志文,2026-01-20
API-加签,T299,,所属模块: 流程引擎,done,medium,黄志文,2026-01-20
API-减签,T300,,所属模块: 流程引擎,done,medium,黄志文,2026-01-20
API-抄送,T301,,所属模块: 流程引擎,done,medium,黄志文,2026-01-20
API-拿回,T302,,所属模块: 流程引擎,done,medium,黄志文,2026-01-20
API-撤销,T303,,所属模块: 流程引擎,done,medium,黄志文,2026-01-20
数据库初始贯标（补全中文描述）,T304,,所属模块: 数据贯标,done,medium,郭震,2026-01-09
宝蓝德中间件集成支持,T305,,"所属模块: 集成部署
废弃宝兰德部署",done,medium,郭震,2026-01-06
devops持续集成支持,T306,,"所属模块: 集成部署
根据devops平台人员要求目前只需提供主机信息，现已提供，等待后续指令",done,medium,郭震,2026-01-14
非功能需求开发,T307,,所属模块: 非功能需求实现,backlog,medium,赵庆欣,2026-04-30
信息安全需求开发,T308,,所属模块: 信息安全需求实现,backlog,medium,赵庆欣,2026-04-30
自定义登记簿开发后端,T309,,所属模块: 自定义登记簿开发,done,medium,赵庆欣,2026-02-12
自定义登记簿开发前端,T310,,所属模块: 自定义登记簿开发,done,medium,陈奇,2026-01-31
前端集成到乾坤,T311,,所属模块: 档案管理服务原型集成,backlog,medium,黄志文,2026-03-31
后台功能裁剪并迁移,T312,,所属模块: 档案管理服务原型集成,done,medium,赵庆欣,2026-01-31
移动端框架搭建,T313,,所属模块: 移动门户集成,in_progress,medium,陈奇,2026-02-12
授权认证,T314,,所属模块: 公共组件开发,done,medium,黄志文,2026-01-11
前端页面文件预览,T315,,所属模块: 公共组件开发,in_progress,medium,陈奇,2026-01-07
大屏播报对接数字人,T316,,所属模块: 数字人对接,backlog,medium,陈奇,2026-03-25
菜单跳转对接数字人,T317,,所属模块: 数字人对接,backlog,medium,陈奇,2026-04-15
功能裁剪,T318,,所属模块: 考培服务,backlog,medium,赵庆欣,2026-03-31
后端集成配置中心,T319,,所属模块: 考培服务,backlog,medium,赵庆欣,2026-03-31
对接统一的认证授权,T320,,所属模块: 考培服务,backlog,medium,赵庆欣,2026-03-31
对接统一的数据字典处理,T321,,所属模块: 考培服务,backlog,medium,赵庆欣,2026-03-31
对接统一的机构查询,T322,,所属模块: 考培服务,backlog,medium,赵庆欣,2026-03-31
对接统一的用户查询,T323,,所属模块: 考培服务,backlog,medium,赵庆欣,2026-03-31
整理开发规范文档,T324,,所属模块: 其他,done,medium,赵庆欣,2026-01-19
OCR部署,T325,,所属模块: 其他,done,medium,郭震,2026-01-27
BI部署,T326,,所属模块: 其他,done,medium,郭震,2026-01-28
扫描漏洞修复,T327,,所属模块: 其他,backlog,medium,赵庆欣,2026-05-15
pass平台对接,T328,,所属模块: 其他,done,medium,郭震,2026-02-12
影像平台对接,T329,,"所属模块: 其他
查询",done,medium,郭震,2026-02-12
对柜面发布接口联调,T330,,"所属模块: 其他
等待柜面系统联调",backlog,medium,郭震,2026-02-12
xxljob重新集成并针对自增主键进行调整,T331,,所属模块: 其他,backlog,medium,郭震,2026-04-15
日志收集,T332,,所属模块: 其他,done,medium,黄志文,2026-03-04
自动派单,T333,,所属模块: 其他,backlog,medium,陈义康,2026-05-15
账户开变销超期备案预警,T334,,"所属模块: 批量任务模型-普通预警模型
高",backlog,medium,杜宝祥,2026-04-16
客户预留信息与员工信息一致预警,T335,,"所属模块: 批量任务模型-普通预警模型
高",backlog,medium,杜宝祥,2026-04-16
员工与客户往来异常预警,T336,,"所属模块: 批量任务模型-普通预警模型
高",backlog,medium,杜宝祥,2026-04-16
当日电子验印业务异常提示预警,T337,,"所属模块: 批量任务模型-普通预警模型
高",backlog,medium,杜宝祥,2026-04-16
隔日电子验印业务异常提示预警,T338,,"所属模块: 批量任务模型-普通预警模型
高",backlog,medium,杜宝祥,2026-04-16
借款资金异常往来预警,T339,,"所属模块: 批量任务模型-普通预警模型
高",backlog,medium,杜宝祥,2026-04-16
人工未及时异地授权预警,T340,,"所属模块: 批量任务模型-普通预警模型
高",backlog,medium,杜宝祥,2026-04-16
人工未及时普借回执预警,T341,,"所属模块: 批量任务模型-普通预警模型
高",backlog,medium,杜宝祥,2026-04-16
超期查复业务预警,T342,,"所属模块: 批量任务模型-普通预警模型
高",backlog,medium,杜宝祥,2026-04-16
自动柜员机未按时清机提示预警,T343,,"所属模块: 批量任务模型-普通预警模型
高",backlog,medium,杜宝祥,2026-04-16
机构日终批处理后在途资金预警,T344,,"所属模块: 批量任务模型-普通预警模型
高",backlog,medium,杜宝祥,2026-04-16
在途凭证长时间不入账提示预警,T345,,"所属模块: 批量任务模型-普通预警模型
高",backlog,medium,杜宝祥,2026-04-16
在途凭证超次日未入库预警,T346,,"所属模块: 批量任务模型-普通预警模型
高",backlog,medium,杜宝祥,2026-04-16
超期处理挂账业务,T347,,"所属模块: 批量任务模型-普通预警模型
高",backlog,medium,杜宝祥,2026-04-16
对账不一致预警,T348,,"所属模块: 批量任务模型-普通预警模型
高",backlog,medium,杜宝祥,2026-04-16
4629-内部账户出现借方余额预警,T349,,"所属模块: 批量任务模型-普通预警模型
高",backlog,medium,杜宝祥,2026-04-16
异地客户交易异常预警,T350,,"所属模块: 批量任务模型-普通预警模型
高",backlog,medium,杜宝祥,2026-04-16
客户异常处置账户预警,T351,,"所属模块: 批量任务模型-普通预警模型
高",backlog,medium,杜宝祥,2026-04-16
客户大额异常开户预警,T352,,"所属模块: 批量任务模型-普通预警模型
高",backlog,medium,杜宝祥,2026-04-16
对公账户法定代表人交叉任职,T353,,"所属模块: 批量任务模型-普通预警模型
高",backlog,medium,杜宝祥,2026-04-16
异常开卡并开通非柜面渠道业务,T354,,"所属模块: 批量任务模型-普通预警模型
高",backlog,medium,杜宝祥,2026-04-16
聚合支付商户风险监测,T355,,"所属模块: 批量任务模型-普通预警模型
中",backlog,medium,杜宝祥,2026-05-15
小微商户经营性收款异常预警,T356,,"所属模块: 批量任务模型-普通预警模型
中",backlog,medium,杜宝祥,2026-05-15
账户多次输错密码预警,T357,,"所属模块: 批量任务模型-普通预警模型
中",backlog,medium,杜宝祥,2026-05-15
同一客户短期内频繁挂失预警,T358,,"所属模块: 批量任务模型-普通预警模型
中",backlog,medium,杜宝祥,2026-05-15
对公账户开销户异常预警,T359,,"所属模块: 批量任务模型-普通预警模型
中",backlog,medium,杜宝祥,2026-05-15
账户开变销未及时备案提示预警,T360,,"所属模块: 批量任务模型-普通预警模型
中",backlog,medium,杜宝祥,2026-05-15
自助设备挂账处理异常提示预警,T361,,"所属模块: 批量任务模型-普通预警模型
中",backlog,medium,杜宝祥,2026-05-15
柜员频繁办理冲正业务预警,T362,,"所属模块: 批量任务模型-普通预警模型
中",backlog,medium,杜宝祥,2026-05-15
柜员临近签退时间频繁办理特殊业务预警,T363,,"所属模块: 批量任务模型-普通预警模型
中",backlog,medium,杜宝祥,2026-05-15
柜员自办业务预警,T364,,"所属模块: 批量任务模型-普通预警模型
中",backlog,medium,杜宝祥,2026-05-15
柜员自复核业务预警,T365,,"所属模块: 批量任务模型-普通预警模型
中",backlog,medium,杜宝祥,2026-05-15
柜员自授权业务预警,T366,,"所属模块: 批量任务模型-普通预警模型
中",backlog,medium,杜宝祥,2026-05-15
执行冻结业务异常预警,T367,,"所属模块: 批量任务模型-普通预警模型
中",backlog,medium,杜宝祥,2026-05-15
单位定期存款违规支取预警,T368,,"所属模块: 批量任务模型-普通预警模型
中",backlog,medium,杜宝祥,2026-05-15
重复业务预警,T369,,"所属模块: 批量任务模型-普通预警模型
中",backlog,medium,杜宝祥,2026-05-15
小额异常交易预警,T370,,"所属模块: 批量任务模型-普通预警模型
中",backlog,medium,杜宝祥,2026-05-15
对内交易异常预警,T371,,"所属模块: 批量任务模型-普通预警模型
中",backlog,medium,杜宝祥,2026-05-15
人工未及时异地授权提示预警,T372,,"所属模块: 批量任务模型-普通预警模型
中",backlog,medium,杜宝祥,2026-05-15
非营业时间办理业务预警,T373,,"所属模块: 批量任务模型-普通预警模型
中",backlog,medium,杜宝祥,2026-05-15
超库存限额预警,T374,,"所属模块: 批量任务模型-普通预警模型
中",backlog,medium,杜宝祥,2026-05-15
普借回执提示预警,T375,,"所属模块: 批量任务模型-普通预警模型
中",backlog,medium,杜宝祥,2026-05-15
查复业务提示预警,T376,,"所属模块: 批量任务模型-普通预警模型
中",backlog,medium,杜宝祥,2026-05-15
自动柜员机未按时清机预警,T377,,"所属模块: 批量任务模型-普通预警模型
中",backlog,medium,杜宝祥,2026-05-15
待结算财政款项账户提示预警,T378,,"所属模块: 批量任务模型-普通预警模型
中",backlog,medium,杜宝祥,2026-05-15
待销账资金长时间未处理预警,T379,,"所属模块: 批量任务模型-普通预警模型
中",backlog,medium,杜宝祥,2026-05-15
长短款长时间未处理,T380,,"所属模块: 批量任务模型-普通预警模型
低",backlog,medium,杜宝祥,2026-05-31
电子银行签约业务异常预警,T381,,"所属模块: 批量任务模型-普通预警模型
低",backlog,medium,杜宝祥,2026-05-31
账户开户数量异常预警,T382,,"所属模块: 批量任务模型-普通预警模型
低",backlog,medium,杜宝祥,2026-05-31
当日开户当日变更预警,T383,,"所属模块: 批量任务模型-普通预警模型
低",backlog,medium,杜宝祥,2026-05-31
柜员同日频繁调岗预警,T384,,"所属模块: 批量任务模型-普通预警模型
低",backlog,medium,杜宝祥,2026-05-31
管理人员未按规定查库预警,T385,,"所属模块: 批量任务模型-普通预警模型
低",backlog,medium,杜宝祥,2026-05-31
存款开销户业务当日冲销预警,T386,,"所属模块: 批量任务模型-普通预警模型
低",backlog,medium,杜宝祥,2026-05-31
柜员重开业务预警,T387,,"所属模块: 批量任务模型-普通预警模型
低",backlog,medium,杜宝祥,2026-05-31
现金收入业务异常提示预警,T388,,"所属模块: 批量任务模型-普通预警模型
低",backlog,medium,杜宝祥,2026-05-31
电子印章手工用印预警,T389,,"所属模块: 批量任务模型-普通预警模型
低",backlog,medium,杜宝祥,2026-05-31
重复业务提示预警,T390,,"所属模块: 批量任务模型-普通预警模型
低",backlog,medium,杜宝祥,2026-05-31
现金存取异常预警,T391,,"所属模块: 批量任务模型-普通预警模型
低",backlog,medium,杜宝祥,2026-05-31
销户资金流向异常预警,T392,,"所属模块: 批量任务模型-普通预警模型
低",backlog,medium,杜宝祥,2026-05-31
联网核查结果异常办理业务预警,T393,,"所属模块: 批量任务模型-普通预警模型
低",backlog,medium,杜宝祥,2026-05-31
现金出入库异常预警,T394,,"所属模块: 批量任务模型-普通预警模型
低",backlog,medium,杜宝祥,2026-05-31
机构频繁现金出入库预警,T395,,"所属模块: 批量任务模型-普通预警模型
低",backlog,medium,杜宝祥,2026-05-31
联网核查机构重复设置预警,T396,,"所属模块: 批量任务模型-普通预警模型
低",backlog,medium,杜宝祥,2026-05-31
挂账未及时处理提示预警,T397,,"所属模块: 批量任务模型-普通预警模型
低",backlog,medium,杜宝祥,2026-05-31
待销账资金长时间未处理提示预警,T398,,"所属模块: 批量任务模型-普通预警模型
低",backlog,medium,杜宝祥,2026-05-31
异常小额定期开户预警,T399,,"所属模块: 批量任务模型-普通预警模型
低",backlog,medium,杜宝祥,2026-05-31
个人账户开户异常挂失业务预警,T400,,"所属模块: 批量任务模型-普通预警模型
低",backlog,medium,杜宝祥,2026-05-31
验资账户异常支取预警,T401,,"所属模块: 批量任务模型-普通预警模型
低",backlog,medium,杜宝祥,2026-05-31
账户风险级别监测预警,T402,,"所属模块: 批量任务模型-普通预警模型
低",backlog,medium,杜宝祥,2026-05-31
长期未发生业务的账户异常动账,T403,,"所属模块: 批量任务模型-普通预警模型
低",backlog,medium,杜宝祥,2026-05-31
内部账交易金额异常预警,T404,,"所属模块: 批量任务模型-普通预警模型
低",in_progress,medium,杜宝祥,2026-05-31
个人结算账户资金异常归集监测模型（25个指标）,T405,,"所属模块: 批量任务模型-积分卡预警模型
高",backlog,medium,杜宝祥,2026-04-16
企业开立基本存款账户异常行为监测模型（17个指标）,T406,,"所属模块: 批量任务模型-积分卡预警模型
高",backlog,medium,杜宝祥,2026-04-16
柜员操作风险积分卡监测模型（13个指标）,T407,,"所属模块: 批量任务模型-积分卡预警模型
高",backlog,medium,杜宝祥,2026-04-16
机构运营合规风险积分卡监测模型（13个指标）,T408,,"所属模块: 批量任务模型-积分卡预警模型
高",backlog,medium,杜宝祥,2026-04-16
员工异常查询客账信息预警模型（7个指标）,T409,,"所属模块: 批量任务模型-积分卡预警模型
高",backlog,medium,杜宝祥,2026-04-16
频繁代理开户预警模型（6个指标）,T410,,"所属模块: 批量任务模型-积分卡预警模型
高",backlog,medium,杜宝祥,2026-04-16
监督模型批量任务公共逻辑封装开发,T411,,"所属模块: 批量任务模型-监督模型
1",backlog,medium,赵庆欣,2026-03-30
1-有权机关冻结管理,T412,,"所属模块: 批量任务模型-监督模型
1",backlog,medium,赵庆欣,2026-03-30
2-账户/渠道限制,T413,,"所属模块: 批量任务模型-监督模型
1",backlog,medium,赵庆欣,2026-03-30
3-有权机关递增冻结管理,T414,,"所属模块: 批量任务模型-监督模型
1",backlog,medium,赵庆欣,2026-03-30
4-有权机关扣划,T415,,"所属模块: 批量任务模型-监督模型
1",backlog,medium,赵庆欣,2026-03-30
5-存款过户,T416,,"所属模块: 批量任务模型-监督模型
1",backlog,medium,赵庆欣,2026-03-30
8-个人定期存款开户,T417,,"所属模块: 批量任务模型-监督模型
1",backlog,medium,赵庆欣,2026-03-30
9-个人活期存款开户,T418,,"所属模块: 批量任务模型-监督模型
1",backlog,medium,赵庆欣,2026-03-30
10-个人活期存款销户,T419,,"所属模块: 批量任务模型-监督模型
1",backlog,medium,赵庆欣,2026-03-30
16-个人定期存款支取/销户,T420,,"所属模块: 批量任务模型-监督模型
1",backlog,medium,赵庆欣,2026-03-30
27-个人定期存款多笔销户,T421,,"所属模块: 批量任务模型-监督模型
1",backlog,medium,赵庆欣,2026-03-30
30-整整销户转开,T422,,"所属模块: 批量任务模型-监督模型
1",backlog,medium,赵庆欣,2026-03-30
11-换卡,T423,,"所属模块: 批量任务模型-监督模型
2",backlog,medium,赵庆欣,2026-04-10
14-智能通知存款签约解约,T424,,"所属模块: 批量任务模型-监督模型
2",backlog,medium,赵庆欣,2026-04-10
17-单位定期支取/销户,T425,,"所属模块: 批量任务模型-监督模型
2",backlog,medium,赵庆欣,2026-04-10
18-凭证挂失管理,T426,,"所属模块: 批量任务模型-监督模型
2",backlog,medium,赵庆欣,2026-04-10
21-单位存款凭证签发/更换,T427,,"所属模块: 批量任务模型-监督模型
2",backlog,medium,赵庆欣,2026-04-10
25-凭证手工销号,T428,,"所属模块: 批量任务模型-监督模型
2",backlog,medium,赵庆欣,2026-04-10
28-综合签约,T429,,"所属模块: 批量任务模型-监督模型
2",backlog,medium,赵庆欣,2026-04-10
29-综合解约,T430,,"所属模块: 批量任务模型-监督模型
2",backlog,medium,赵庆欣,2026-04-10
6-存款证明管理,T431,,所属模块: 批量任务模型-监督模型,backlog,medium,赵庆欣,2026-04-25
7-当日冲销,T432,,所属模块: 批量任务模型-监督模型,backlog,medium,赵庆欣,2026-04-25
12-联名存款密码管理,T433,,所属模块: 批量任务模型-监督模型,backlog,medium,赵庆欣,2026-04-25
13-凭证作废,T434,,所属模块: 批量任务模型-监督模型,backlog,medium,赵庆欣,2026-04-25
15-凭证销毁,T435,,所属模块: 批量任务模型-监督模型,backlog,medium,赵庆欣,2026-04-25
19-对公凭证印鉴挂失管理,T436,,所属模块: 批量任务模型-监督模型,backlog,medium,赵庆欣,2026-04-25
20-账户印鉴管理,T437,,所属模块: 批量任务模型-监督模型,backlog,medium,赵庆欣,2026-04-25
22-定期子账户移入移出,T438,,所属模块: 批量任务模型-监督模型,backlog,medium,赵庆欣,2026-04-25
23-活期冲正,T439,,所属模块: 批量任务模型-监督模型,backlog,medium,赵庆欣,2026-04-25
24-密码管理,T440,,所属模块: 批量任务模型-监督模型,backlog,medium,赵庆欣,2026-04-25
26-遗产继承,T441,,所属模块: 批量任务模型-监督模型,backlog,medium,赵庆欣,2026-04-25
JSB_WHOLE,T442,,"所属模块: 批量任务-实时数据处理
电子验印系统",backlog,medium,吴卓隆,2026-03-30
BB32_SYNC_CORE_RECORD,T443,,"所属模块: 批量任务-实时数据处理
风险实时识别与查控系统",backlog,medium,吴卓隆,2026-03-30
BB32_SYNC_CORE_RECORD_GR,T444,,"所属模块: 批量任务-实时数据处理
风险实时识别与查控系统",backlog,medium,吴卓隆,2026-03-30
IB_LOG_LOGMASTER_LOG,T445,,"所属模块: 批量任务-实时数据处理
柜面",backlog,medium,吴卓隆,2026-03-30
AGR_BASE_AGREEMENT,T446,,"所属模块: 批量任务-实时数据处理
核心",backlog,medium,吴卓隆,2026-03-30
CORE_BUS_TRAN_INFO,T447,,"所属模块: 批量任务-实时数据处理
核心",backlog,medium,吴卓隆,2026-03-30
CIF_CLIENT,T448,,"所属模块: 批量任务-实时数据处理
核心",backlog,medium,吴卓隆,2026-03-30
RB_ACCT,T449,,"所属模块: 批量任务-实时数据处理
核心",backlog,medium,吴卓隆,2026-03-30
RB_ACCT_ATTACH,T450,,"所属模块: 批量任务-实时数据处理
核心",backlog,medium,吴卓隆,2026-03-30
RB_ACCT_BALANCE,T451,,"所属模块: 批量任务-实时数据处理
核心",backlog,medium,吴卓隆,2026-03-30
RB_AMEND,T452,,"所属模块: 批量任务-实时数据处理
核心",backlog,medium,吴卓隆,2026-03-30
RB_IMPOUND_INFO,T453,,"所属模块: 批量任务-实时数据处理
核心",backlog,medium,吴卓隆,2026-03-30
RB_OPEN_CLOSE_REG,T454,,"所属模块: 批量任务-实时数据处理
核心",backlog,medium,吴卓隆,2026-03-30
RB_RESTRAINTS_HIST,T455,,"所属模块: 批量任务-实时数据处理
核心",backlog,medium,吴卓隆,2026-03-30
RB_TRAN_HIST,T456,,"所属模块: 批量任务-实时数据处理
核心",backlog,medium,吴卓隆,2026-03-30
RB_VOUCHER_ACCT_RELATION,T457,,"所属模块: 批量任务-实时数据处理
核心",backlog,medium,吴卓隆,2026-04-16
RB_VOUCHER_LOST,T458,,"所属模块: 批量任务-实时数据处理
核心",backlog,medium,吴卓隆,2026-04-16
RB_VOUCHER_LOST_DETAIL,T459,,"所属模块: 批量任务-实时数据处理
核心",backlog,medium,吴卓隆,2026-04-16
TB_CASH_MOVE,T460,,"所属模块: 批量任务-实时数据处理
核心",backlog,medium,吴卓隆,2026-04-16
TB_TRAN_HIST,T461,,"所属模块: 批量任务-实时数据处理
核心",backlog,medium,吴卓隆,2026-04-16
GAB_DXZP_DJXJ,T462,,"所属模块: 批量任务-实时数据处理
金融反诈一体化平台",backlog,medium,吴卓隆,2026-04-16
GAB_DXZP_DJZFDJB,T463,,"所属模块: 批量任务-实时数据处理
金融反诈一体化平台",backlog,medium,吴卓隆,2026-04-16
GAB_DXZP_JJZF,T464,,"所属模块: 批量任务-实时数据处理
金融反诈一体化平台",backlog,medium,吴卓隆,2026-04-16
GAB_DXZP_XDXX,T465,,"所属模块: 批量任务-实时数据处理
金融反诈一体化平台",backlog,medium,吴卓隆,2026-04-16
GAB_DXZP_ZHGK,T466,,"所属模块: 批量任务-实时数据处理
金融反诈一体化平台",backlog,medium,吴卓隆,2026-04-16
GAB_WLCK_JRCJZTSJ,T467,,"所属模块: 批量任务-实时数据处理
金融反诈一体化平台",backlog,medium,吴卓隆,2026-04-16
TB_INF_EMPLYEE,T468,,"所属模块: 批量任务-实时数据处理
人力资源",backlog,medium,吴卓隆,2026-04-16
TB_INF_EMPSOCIETYRELATION,T469,,"所属模块: 批量任务-实时数据处理
人力资源",backlog,medium,吴卓隆,2026-04-16
AB_ELEC_SEAL_BOOK,T470,,"所属模块: 批量任务-实时数据处理
无纸化平台",backlog,medium,吴卓隆,2026-04-16
CTRDSBR_IOU_INF,T471,,"所属模块: 批量任务-实时数据处理
信贷系统",backlog,medium,吴卓隆,2026-04-16
YD_ACCOUNTS_ALL,T472,,"所属模块: 批量任务-实时数据处理
账管系统",backlog,medium,吴卓隆,2026-04-30
BP_TRANSLIST_TB,T473,,"所属模块: 批量任务-实时数据处理
作业授权",backlog,medium,吴卓隆,2026-04-30
SM_USER_ROLE_TB,T474,,"所属模块: 批量任务-实时数据处理
作业授权",backlog,medium,吴卓隆,2026-04-30
ZY_QUESTIONSURE_TB,T475,,"所属模块: 批量任务-实时数据处理
作业授权",backlog,medium,吴卓隆,2026-04-30
BP_OPER_DETAIL_TB,T476,,"所属模块: 批量任务-实时数据处理
作业授权",backlog,medium,吴卓隆,2026-04-30
BP_OCR_QUERY_RESULT_TB,T477,,"所属模块: 批量任务-实时数据处理
作业授权",backlog,medium,吴卓隆,2026-04-30
BP_TRANSFILEDLIST_TB,T478,,"所属模块: 批量任务-实时数据处理
作业授权",backlog,medium,吴卓隆,2026-04-30
CIF_AMEND,T479,,"所属模块: 批量任务-实时数据处理
核心",backlog,medium,吴卓隆,2026-04-30
ib_log_printvoucher_log,T480,,"所属模块: 批量任务-实时数据处理
柜面",backlog,medium,吴卓隆,2026-03-30
TB_LIMIT_CTRL,T481,,"所属模块: 批量任务-实时数据处理
核心",backlog,medium,吴卓隆,2026-04-16
TB_LIMIT_CTRL_DETAIL,T482,,"所属模块: 批量任务-实时数据处理
核心",backlog,medium,吴卓隆,2026-04-16
FM_LOC_HOLIDAY,T483,,"所属模块: 批量任务-实时数据处理
核心",backlog,medium,吴卓隆,2026-04-16
TB_BAILBOX,T484,,"所属模块: 批量任务-实时数据处理
核心",backlog,medium,吴卓隆,2026-04-16
ib_upm_user_info_his,T485,,"所属模块: 批量任务-实时数据处理
柜面",backlog,medium,吴卓隆,2026-03-30